frame_number,breath_rate,heart_rate,range_bin
1,0.009999999776482582,0.009999999776482582,0.0002800000074785203
